Node Number, X [ m ], Y [ m ], Z [ m ], Velocity [ m s^-1 ]
0.0000000000,-0.0022613599,0.0000000000,0.0500000007,0.0116282627
1.0000000000,-0.0022568328,0.0000000000,0.0500000007,0.0156589448
2.0000000000,-0.0022523056,0.0000000000,0.0500000007,0.0196896270
3.0000000000,-0.0022477785,0.0000000000,0.0500000007,0.0237203166
4.0000000000,-0.0022432513,0.0000000000,0.0500000007,0.0277509987
5.0000000000,-0.0022387241,0.0000000000,0.0500000007,0.0317816809
6.0000000000,-0.0022341970,0.0000000000,0.0500000007,0.0358123630
7.0000000000,-0.0022296698,0.0000000000,0.0500000007,0.0398430415
8.0000000000,-0.0022251427,0.0000000000,0.0500000007,0.0438737236
9.0000000000,-0.0022206155,0.0000000000,0.0500000007,0.0479044095
10.0000000000,-0.0022160884,0.0000000000,0.0500000007,0.0519350916
11.0000000000,-0.0022115612,0.0000000000,0.0500000007,0.0559657700
12.0000000000,-0.0022070340,0.0000000000,0.0500000007,0.0599964596
13.0000000000,-0.0022025069,0.0000000000,0.0500000007,0.0640271455
14.0000000000,-0.0021979797,0.0000000000,0.0500000007,0.0680578277
15.0000000000,-0.0021934526,0.0000000000,0.0500000007,0.0720885098
16.0000000000,-0.0021889254,0.0000000000,0.0500000007,0.0761191845
17.0000000000,-0.0021843982,0.0000000000,0.0500000007,0.0801498741
18.0000000000,-0.0021798711,0.0000000000,0.0500000007,0.0841805488
19.0000000000,-0.0021753439,0.0000000000,0.0500000007,0.0882112309
20.0000000000,-0.0021708168,0.0000000000,0.0500000007,0.0922419280
21.0000000000,-0.0021662896,0.0000000000,0.0500000007,0.0962725952
22.0000000000,-0.0021617624,0.0000000000,0.0500000007,0.1003032923
23.0000000000,-0.0021572353,0.0000000000,0.0500000007,0.1043339744
24.0000000000,-0.0021527081,0.0000000000,0.0500000007,0.1083646491
25.0000000000,-0.0021481810,0.0000000000,0.0500000007,0.1123944968
26.0000000000,-0.0021436538,0.0000000000,0.0500000007,0.1164264530
27.0000000000,-0.0021391266,0.0000000000,0.0500000007,0.1204566956
28.0000000000,-0.0021345995,0.0000000000,0.0500000007,0.1244873852
29.0000000000,-0.0021300723,0.0000000000,0.0500000007,0.1284419149
30.0000000000,-0.0021255452,0.0000000000,0.0500000007,0.1322184205
31.0000000000,-0.0021210180,0.0000000000,0.0500000007,0.1359949410
32.0000000000,-0.0021164909,0.0000000000,0.0500000007,0.1397714317
33.0000000000,-0.0021119637,0.0000000000,0.0500000007,0.1435479373
34.0000000000,-0.0021074365,0.0000000000,0.0500000007,0.1473244429
35.0000000000,-0.0021029094,0.0000000000,0.0500000007,0.1511009634
36.0000000000,-0.0020983822,0.0000000000,0.0500000007,0.1548774540
37.0000000000,-0.0020938551,0.0000000000,0.0500000007,0.1586539745
38.0000000000,-0.0020893279,0.0000000000,0.0500000007,0.1624304652
39.0000000000,-0.0020848007,0.0000000000,0.0500000007,0.1662069857
40.0000000000,-0.0020802736,0.0000000000,0.0500000007,0.1699834913
41.0000000000,-0.0020757464,0.0000000000,0.0500000007,0.1737599969
42.0000000000,-0.0020712193,0.0000000000,0.0500000007,0.1775365025
43.0000000000,-0.0020666921,0.0000000000,0.0500000007,0.1813130081
44.0000000000,-0.0020621649,0.0000000000,0.0500000007,0.1850895137
45.0000000000,-0.0020576378,0.0000000000,0.0500000007,0.1888660193
46.0000000000,-0.0020531106,0.0000000000,0.0500000007,0.1926425248
47.0000000000,-0.0020485835,0.0000000000,0.0500000007,0.1964190304
48.0000000000,-0.0020440563,0.0000000000,0.0500000007,0.2001955360
49.0000000000,-0.0020395292,0.0000000000,0.0500000007,0.2039720416
50.0000000000,-0.0020350020,0.0000000000,0.0500000007,0.2077485323
51.0000000000,-0.0020304748,0.0000000000,0.0500000007,0.2115250528
52.0000000000,-0.0020259477,0.0000000000,0.0500000007,0.2153015584
53.0000000000,-0.0020214205,0.0000000000,0.0500000007,0.2190780640
54.0000000000,-0.0020168934,0.0000000000,0.0500000007,0.2228545696
55.0000000000,-0.0020123662,0.0000000000,0.0500000007,0.2266310751
56.0000000000,-0.0020078390,0.0000000000,0.0500000007,0.2304072529
57.0000000000,-0.0020033119,0.0000000000,0.0500000007,0.2341849506
58.0000000000,-0.0019987847,0.0000000000,0.0500000007,0.2379606068
59.0000000000,-0.0019942576,0.0000000000,0.0500000007,0.2417371124
60.0000000000,-0.0019897304,0.0000000000,0.0500000007,0.2453378439
61.0000000000,-0.0019852032,0.0000000000,0.0500000007,0.2488598675
62.0000000000,-0.0019806761,0.0000000000,0.0500000007,0.2523818612
63.0000000000,-0.0019761489,0.0000000000,0.0500000007,0.2559038997
64.0000000000,-0.0019716218,0.0000000000,0.0500000007,0.2594259083
65.0000000000,-0.0019670946,0.0000000000,0.0500000007,0.2629479170
66.0000000000,-0.0019625674,0.0000000000,0.0500000007,0.2664699256
67.0000000000,-0.0019580403,0.0000000000,0.0500000007,0.2699919343
68.0000000000,-0.0019535131,0.0000000000,0.0500000007,0.2735139728
69.0000000000,-0.0019489859,0.0000000000,0.0500000007,0.2770360708
70.0000000000,-0.0019444586,0.0000000000,0.0500000007,0.2805581689
71.0000000000,-0.0019399313,0.0000000000,0.0500000007,0.2840802670
72.0000000000,-0.0019354040,0.0000000000,0.0500000007,0.2876023650
73.0000000000,-0.0019308768,0.0000000000,0.0500000007,0.2911244631
74.0000000000,-0.0019263495,0.0000000000,0.0500000007,0.2946465910
75.0000000000,-0.0019218222,0.0000000000,0.0500000007,0.2981686890
76.0000000000,-0.0019172949,0.0000000000,0.0500000007,0.3016907871
77.0000000000,-0.0019127676,0.0000000000,0.0500000007,0.3052129149
78.0000000000,-0.0019082404,0.0000000000,0.0500000007,0.3087350130
79.0000000000,-0.0019037131,0.0000000000,0.0500000007,0.3122571111
80.0000000000,-0.0018991858,0.0000000000,0.0500000007,0.3157792091
81.0000000000,-0.0018946585,0.0000000000,0.0500000007,0.3193013072
82.0000000000,-0.0018901313,0.0000000000,0.0500000007,0.3228234351
83.0000000000,-0.0018856040,0.0000000000,0.0500000007,0.3263455629
84.0000000000,-0.0018810767,0.0000000000,0.0500000007,0.3298676312
85.0000000000,-0.0018765494,0.0000000000,0.0500000007,0.3333897591
86.0000000000,-0.0018720222,0.0000000000,0.0500000007,0.3369118571
87.0000000000,-0.0018674949,0.0000000000,0.0500000007,0.3404341042
88.0000000000,-0.0018629676,0.0000000000,0.0500000007,0.3439560533
89.0000000000,-0.0018584403,0.0000000000,0.0500000007,0.3474781811
90.0000000000,-0.0018539131,0.0000000000,0.0500000007,0.3507103622
91.0000000000,-0.0018493858,0.0000000000,0.0500000007,0.3542466760
92.0000000000,-0.0018448585,0.0000000000,0.0500000007,0.3575140536
93.0000000000,-0.0018403312,0.0000000000,0.0500000007,0.3607814312
94.0000000000,-0.0018358040,0.0000000000,0.0500000007,0.3640488386
95.0000000000,-0.0018312767,0.0000000000,0.0500000007,0.3673161864
96.0000000000,-0.0018267494,0.0000000000,0.0500000007,0.3705835939
97.0000000000,-0.0018222221,0.0000000000,0.0500000007,0.3738509715
98.0000000000,-0.0018176949,0.0000000000,0.0500000007,0.3771183491
99.0000000000,-0.0018131676,0.0000000000,0.0500000007,0.3803857267
100.0000000000,-0.0018086403,0.0000000000,0.0500000007,0.3836531043
101.0000000000,-0.0018041130,0.0000000000,0.0500000007,0.3869204819
102.0000000000,-0.0017995858,0.0000000000,0.0500000007,0.3901878595
103.0000000000,-0.0017950585,0.0000000000,0.0500000007,0.3934552670
104.0000000000,-0.0017905312,0.0000000000,0.0500000007,0.3967226446
105.0000000000,-0.0017860039,0.0000000000,0.0500000007,0.3999900222
106.0000000000,-0.0017814767,0.0000000000,0.0500000007,0.4032573700
107.0000000000,-0.0017769494,0.0000000000,0.0500000007,0.4065248072
108.0000000000,-0.0017724221,0.0000000000,0.0500000007,0.4097921848
109.0000000000,-0.0017678948,0.0000000000,0.0500000007,0.4130595326
110.0000000000,-0.0017633676,0.0000000000,0.0500000007,0.4163269401
111.0000000000,-0.0017588403,0.0000000000,0.0500000007,0.4195942879
112.0000000000,-0.0017543130,0.0000000000,0.0500000007,0.4228616953
113.0000000000,-0.0017497857,0.0000000000,0.0500000007,0.4261290729
114.0000000000,-0.0017452585,0.0000000000,0.0500000007,0.4293964505
115.0000000000,-0.0017407312,0.0000000000,0.0500000007,0.4326637983
116.0000000000,-0.0017362039,0.0000000000,0.0500000007,0.4359312058
117.0000000000,-0.0017316766,0.0000000000,0.0500000007,0.4391979873
118.0000000000,-0.0017271494,0.0000000000,0.0500000007,0.4424665272
119.0000000000,-0.0017226221,0.0000000000,0.0500000007,0.4457333684
120.0000000000,-0.0017180948,0.0000000000,0.0500000007,0.4490007162
121.0000000000,-0.0017135675,0.0000000000,0.0500000007,0.4521473348
122.0000000000,-0.0017090403,0.0000000000,0.0500000007,0.4551599622
123.0000000000,-0.0017045130,0.0000000000,0.0500000007,0.4581726193
124.0000000000,-0.0016999857,0.0000000000,0.0500000007,0.4611852765
125.0000000000,-0.0016954584,0.0000000000,0.0500000007,0.4641979039
126.0000000000,-0.0016909312,0.0000000000,0.0500000007,0.4672105312
127.0000000000,-0.0016864039,0.0000000000,0.0500000007,0.4702231884
128.0000000000,-0.0016818766,0.0000000000,0.0500000007,0.4732358456
129.0000000000,-0.0016773493,0.0000000000,0.0500000007,0.4762485027
130.0000000000,-0.0016728221,0.0000000000,0.0500000007,0.4792611599
131.0000000000,-0.0016682948,0.0000000000,0.0500000007,0.4822737873
132.0000000000,-0.0016637675,0.0000000000,0.0500000007,0.4852864146
133.0000000000,-0.0016592402,0.0000000000,0.0500000007,0.4882990420
134.0000000000,-0.0016547129,0.0000000000,0.0500000007,0.4913116694
135.0000000000,-0.0016501857,0.0000000000,0.0500000007,0.4943243265
136.0000000000,-0.0016456584,0.0000000000,0.0500000007,0.4973370135
137.0000000000,-0.0016411311,0.0000000000,0.0500000007,0.5003496409
138.0000000000,-0.0016366038,0.0000000000,0.0500000007,0.5033622980
139.0000000000,-0.0016320766,0.0000000000,0.0500000007,0.5063748956
140.0000000000,-0.0016275493,0.0000000000,0.0500000007,0.5093875527
141.0000000000,-0.0016230220,0.0000000000,0.0500000007,0.5124002099
142.0000000000,-0.0016184947,0.0000000000,0.0500000007,0.5154128671
143.0000000000,-0.0016139675,0.0000000000,0.0500000007,0.5184255242
144.0000000000,-0.0016094402,0.0000000000,0.0500000007,0.5214381218
145.0000000000,-0.0016049129,0.0000000000,0.0500000007,0.5244507790
146.0000000000,-0.0016003856,0.0000000000,0.0500000007,0.5274634361
147.0000000000,-0.0015958584,0.0000000000,0.0500000007,0.5304760933
148.0000000000,-0.0015913311,0.0000000000,0.0500000007,0.5334886313
149.0000000000,-0.0015868038,0.0000000000,0.0500000007,0.5365013480
150.0000000000,-0.0015822765,0.0000000000,0.0500000007,0.5395140052
151.0000000000,-0.0015777493,0.0000000000,0.0500000007,0.5425267220
152.0000000000,-0.0015732220,0.0000000000,0.0500000007,0.5453189611
153.0000000000,-0.0015686947,0.0000000000,0.0500000007,0.5480771661
154.0000000000,-0.0015641674,0.0000000000,0.0500000007,0.5508353114
155.0000000000,-0.0015596402,0.0000000000,0.0500000007,0.5535935760
156.0000000000,-0.0015551129,0.0000000000,0.0500000007,0.5563517809
157.0000000000,-0.0015505856,0.0000000000,0.0500000007,0.5591099262
158.0000000000,-0.0015460583,0.0000000000,0.0500000007,0.5618681908
159.0000000000,-0.0015415311,0.0000000000,0.0500000007,0.5646263361
160.0000000000,-0.0015370038,0.0000000000,0.0500000007,0.5673845410
161.0000000000,-0.0015324765,0.0000000000,0.0500000007,0.5701427460
162.0000000000,-0.0015279492,0.0000000000,0.0500000007,0.5729009509
163.0000000000,-0.0015234220,0.0000000000,0.0500000007,0.5756591559
164.0000000000,-0.0015188947,0.0000000000,0.0500000007,0.5784173608
165.0000000000,-0.0015143674,0.0000000000,0.0500000007,0.5811755657
166.0000000000,-0.0015098401,0.0000000000,0.0500000007,0.5839337707
167.0000000000,-0.0015053129,0.0000000000,0.0500000007,0.5866919756
168.0000000000,-0.0015007856,0.0000000000,0.0500000007,0.5894501209
169.0000000000,-0.0014962583,0.0000000000,0.0500000007,0.5922083855
170.0000000000,-0.0014917310,0.0000000000,0.0500000007,0.5949665904
171.0000000000,-0.0014872038,0.0000000000,0.0500000007,0.5977247953
172.0000000000,-0.0014826765,0.0000000000,0.0500000007,0.6004829407
173.0000000000,-0.0014781492,0.0000000000,0.0500000007,0.6032412052
174.0000000000,-0.0014736219,0.0000000000,0.0500000007,0.6059993506
175.0000000000,-0.0014690947,0.0000000000,0.0500000007,0.6087576151
176.0000000000,-0.0014645674,0.0000000000,0.0500000007,0.6115157604
177.0000000000,-0.0014600401,0.0000000000,0.0500000007,0.6142739654
178.0000000000,-0.0014555128,0.0000000000,0.0500000007,0.6170313358
179.0000000000,-0.0014509856,0.0000000000,0.0500000007,0.6197906733
180.0000000000,-0.0014464583,0.0000000000,0.0500000007,0.6225486398
181.0000000000,-0.0014419310,0.0000000000,0.0500000007,0.6253067851
182.0000000000,-0.0014374037,0.0000000000,0.0500000007,0.6279993653
183.0000000000,-0.0014328765,0.0000000000,0.0500000007,0.6305038929
184.0000000000,-0.0014283492,0.0000000000,0.0500000007,0.6330083013
185.0000000000,-0.0014238219,0.0000000000,0.0500000007,0.6355128288
186.0000000000,-0.0014192946,0.0000000000,0.0500000007,0.6380172372
187.0000000000,-0.0014147674,0.0000000000,0.0500000007,0.6405217648
188.0000000000,-0.0014102401,0.0000000000,0.0500000007,0.6430262327
189.0000000000,-0.0014057128,0.0000000000,0.0500000007,0.6455307007
190.0000000000,-0.0014011855,0.0000000000,0.0500000007,0.6480351687
191.0000000000,-0.0013966582,0.0000000000,0.0500000007,0.6505395770
192.0000000000,-0.0013921310,0.0000000000,0.0500000007,0.6530441046
193.0000000000,-0.0013876037,0.0000000000,0.0500000007,0.6555485725
194.0000000000,-0.0013830764,0.0000000000,0.0500000007,0.6580530405
195.0000000000,-0.0013785491,0.0000000000,0.0500000007,0.6605574489
196.0000000000,-0.0013740219,0.0000000000,0.0500000007,0.6630619764
197.0000000000,-0.0013694946,0.0000000000,0.0500000007,0.6655664444
198.0000000000,-0.0013649673,0.0000000000,0.0500000007,0.6680709124
199.0000000000,-0.0013604400,0.0000000000,0.0500000007,0.6705753803
200.0000000000,-0.0013559128,0.0000000000,0.0500000007,0.6730798483
201.0000000000,-0.0013513855,0.0000000000,0.0500000007,0.6755842567
202.0000000000,-0.0013468582,0.0000000000,0.0500000007,0.6780887246
203.0000000000,-0.0013423309,0.0000000000,0.0500000007,0.6805932522
204.0000000000,-0.0013378037,0.0000000000,0.0500000007,0.6830976605
205.0000000000,-0.0013332764,0.0000000000,0.0500000007,0.6856020689
206.0000000000,-0.0013287491,0.0000000000,0.0500000007,0.6881065965
207.0000000000,-0.0013242218,0.0000000000,0.0500000007,0.6906110644
208.0000000000,-0.0013196946,0.0000000000,0.0500000007,0.6931155324
209.0000000000,-0.0013151673,0.0000000000,0.0500000007,0.6956200004
210.0000000000,-0.0013106400,0.0000000000,0.0500000007,0.6981244683
211.0000000000,-0.0013061127,0.0000000000,0.0500000007,0.7006289959
212.0000000000,-0.0013015855,0.0000000000,0.0500000007,0.7031334639
213.0000000000,-0.0012970582,0.0000000000,0.0500000007,0.7054033876
214.0000000000,-0.0012925309,0.0000000000,0.0500000007,0.7075468898
215.0000000000,-0.0012880036,0.0000000000,0.0500000007,0.7096905112
216.0000000000,-0.0012834764,0.0000000000,0.0500000007,0.7118318081
217.0000000000,-0.0012789491,0.0000000000,0.0500000007,0.7139779925
218.0000000000,-0.0012744218,0.0000000000,0.0500000007,0.7161237598
219.0000000000,-0.0012698945,0.0000000000,0.0500000007,0.7182646394
220.0000000000,-0.0012653673,0.0000000000,0.0500000007,0.7204081416
221.0000000000,-0.0012608400,0.0000000000,0.0500000007,0.7225517035
222.0000000000,-0.0012563127,0.0000000000,0.0500000007,0.7246952653
223.0000000000,-0.0012517854,0.0000000000,0.0500000007,0.7268388271
224.0000000000,-0.0012472582,0.0000000000,0.0500000007,0.7289823294
225.0000000000,-0.0012427309,0.0000000000,0.0500000007,0.7311258912
226.0000000000,-0.0012382036,0.0000000000,0.0500000007,0.7332694531
227.0000000000,-0.0012336763,0.0000000000,0.0500000007,0.7354129553
228.0000000000,-0.0012291491,0.0000000000,0.0500000007,0.7375565767
229.0000000000,-0.0012246218,0.0000000000,0.0500000007,0.7397000790
230.0000000000,-0.0012200945,0.0000000000,0.0500000007,0.7418435812
231.0000000000,-0.0012155672,0.0000000000,0.0500000007,0.7439872026
232.0000000000,-0.0012110400,0.0000000000,0.0500000007,0.7461307049
233.0000000000,-0.0012065127,0.0000000000,0.0500000007,0.7482742667
234.0000000000,-0.0012019854,0.0000000000,0.0500000007,0.7504178286
235.0000000000,-0.0011974581,0.0000000000,0.0500000007,0.7525613308
236.0000000000,-0.0011929309,0.0000000000,0.0500000007,0.7547048926
237.0000000000,-0.0011884036,0.0000000000,0.0500000007,0.7568484545
238.0000000000,-0.0011838763,0.0000000000,0.0500000007,0.7589919567
239.0000000000,-0.0011793490,0.0000000000,0.0500000007,0.7611355186
240.0000000000,-0.0011748218,0.0000000000,0.0500000007,0.7632790804
241.0000000000,-0.0011702945,0.0000000000,0.0500000007,0.7654226422
242.0000000000,-0.0011657672,0.0000000000,0.0500000007,0.7675662041
243.0000000000,-0.0011612399,0.0000000000,0.0500000007,0.7697097063
244.0000000000,-0.0011567126,0.0000000000,0.0500000007,0.7718532085
245.0000000000,-0.0011521854,0.0000000000,0.0500000007,0.7739968300
246.0000000000,-0.0011476581,0.0000000000,0.0500000007,0.7761403918
247.0000000000,-0.0011431308,0.0000000000,0.0500000007,0.7782838941
248.0000000000,-0.0011386035,0.0000000000,0.0500000007,0.7804274559
249.0000000000,-0.0011340763,0.0000000000,0.0500000007,0.7825710177
250.0000000000,-0.0011295490,0.0000000000,0.0500000007,0.7847145200
251.0000000000,-0.0011250217,0.0000000000,0.0500000007,0.7868580818
252.0000000000,-0.0011204944,0.0000000000,0.0500000007,0.7890016437
253.0000000000,-0.0011159672,0.0000000000,0.0500000007,0.7911451459
254.0000000000,-0.0011114399,0.0000000000,0.0500000007,0.7932887077
255.0000000000,-0.0011069126,0.0000000000,0.0500000007,0.7954322696
256.0000000000,-0.0011023853,0.0000000000,0.0500000007,0.7975758314
257.0000000000,-0.0010978581,0.0000000000,0.0500000007,0.7996937037
258.0000000000,-0.0010933308,0.0000000000,0.0500000007,0.8014628291
259.0000000000,-0.0010888035,0.0000000000,0.0500000007,0.8032318950
260.0000000000,-0.0010842762,0.0000000000,0.0500000007,0.8049976230
261.0000000000,-0.0010797490,0.0000000000,0.0500000007,0.8067688346
262.0000000000,-0.0010752217,0.0000000000,0.0500000007,0.8085399270
263.0000000000,-0.0010706944,0.0000000000,0.0500000007,0.8103106618
264.0000000000,-0.0010661671,0.0000000000,0.0500000007,0.8120774627
265.0000000000,-0.0010616399,0.0000000000,0.0500000007,0.8138465881
266.0000000000,-0.0010571126,0.0000000000,0.0500000007,0.8156157136
267.0000000000,-0.0010525853,0.0000000000,0.0500000007,0.8173847795
268.0000000000,-0.0010480580,0.0000000000,0.0500000007,0.8191539049
269.0000000000,-0.0010435308,0.0000000000,0.0500000007,0.8209230900
270.0000000000,-0.0010390035,0.0000000000,0.0500000007,0.8226921558
271.0000000000,-0.0010344762,0.0000000000,0.0500000007,0.8244612217
272.0000000000,-0.0010299489,0.0000000000,0.0500000007,0.8262304068
273.0000000000,-0.0010254217,0.0000000000,0.0500000007,0.8279994726
274.0000000000,-0.0010208944,0.0000000000,0.0500000007,0.8297685981
275.0000000000,-0.0010163671,0.0000000000,0.0500000007,0.8315377235
276.0000000000,-0.0010118398,0.0000000000,0.0500000007,0.8333067894
277.0000000000,-0.0010073126,0.0000000000,0.0500000007,0.8350759745
278.0000000000,-0.0010027853,0.0000000000,0.0500000007,0.8368450403
279.0000000000,-0.0009982580,0.0000000000,0.0500000007,0.8386141658
280.0000000000,-0.0009937307,0.0000000000,0.0500000007,0.8403833509
281.0000000000,-0.0009892035,0.0000000000,0.0500000007,0.8421524167
282.0000000000,-0.0009846762,0.0000000000,0.0500000007,0.8439215422
283.0000000000,-0.0009801489,0.0000000000,0.0500000007,0.8456906676
284.0000000000,-0.0009756216,0.0000000000,0.0500000007,0.8474597931
285.0000000000,-0.0009710944,0.0000000000,0.0500000007,0.8492288590
286.0000000000,-0.0009665671,0.0000000000,0.0500000007,0.8509980440
287.0000000000,-0.0009620398,0.0000000000,0.0500000007,0.8527671099
288.0000000000,-0.0009575125,0.0000000000,0.0500000007,0.8545362353
289.0000000000,-0.0009529853,0.0000000000,0.0500000007,0.8563053608
290.0000000000,-0.0009484580,0.0000000000,0.0500000007,0.8580744863
291.0000000000,-0.0009439307,0.0000000000,0.0500000007,0.8598435521
292.0000000000,-0.0009394034,0.0000000000,0.0500000007,0.8616126776
293.0000000000,-0.0009348762,0.0000000000,0.0500000007,0.8633818030
294.0000000000,-0.0009303489,0.0000000000,0.0500000007,0.8651509285
295.0000000000,-0.0009258216,0.0000000000,0.0500000007,0.8669199944
296.0000000000,-0.0009212943,0.0000000000,0.0500000007,0.8686891794
297.0000000000,-0.0009167671,0.0000000000,0.0500000007,0.8704582453
298.0000000000,-0.0009122398,0.0000000000,0.0500000007,0.8722273707
299.0000000000,-0.0009077125,0.0000000000,0.0500000007,0.8739964962
300.0000000000,-0.0009031852,0.0000000000,0.0500000007,0.8757656217
301.0000000000,-0.0008986579,0.0000000000,0.0500000007,0.8775347471
302.0000000000,-0.0008941307,0.0000000000,0.0500000007,0.8793038130
303.0000000000,-0.0008896034,0.0000000000,0.0500000007,0.8810729384
304.0000000000,-0.0008850761,0.0000000000,0.0500000007,0.8825657368
305.0000000000,-0.0008805488,0.0000000000,0.0500000007,0.8839514256
306.0000000000,-0.0008760216,0.0000000000,0.0500000007,0.8853334189
307.0000000000,-0.0008714943,0.0000000000,0.0500000007,0.8867207766
308.0000000000,-0.0008669670,0.0000000000,0.0500000007,0.8881081343
309.0000000000,-0.0008624397,0.0000000000,0.0500000007,0.8894947767
310.0000000000,-0.0008579125,0.0000000000,0.0500000007,0.8908814788
311.0000000000,-0.0008533852,0.0000000000,0.0500000007,0.8922649026
312.0000000000,-0.0008488579,0.0000000000,0.0500000007,0.8936505318
313.0000000000,-0.0008443306,0.0000000000,0.0500000007,0.8950361013
314.0000000000,-0.0008398034,0.0000000000,0.0500000007,0.8964216709
315.0000000000,-0.0008352761,0.0000000000,0.0500000007,0.8978073597
316.0000000000,-0.0008307488,0.0000000000,0.0500000007,0.8991929293
317.0000000000,-0.0008262215,0.0000000000,0.0500000007,0.9005786181
318.0000000000,-0.0008216943,0.0000000000,0.0500000007,0.9019641876
319.0000000000,-0.0008171670,0.0000000000,0.0500000007,0.9033497572
320.0000000000,-0.0008126397,0.0000000000,0.0500000007,0.9047353268
321.0000000000,-0.0008081124,0.0000000000,0.0500000007,0.9061210156
322.0000000000,-0.0008035852,0.0000000000,0.0500000007,0.9075065851
323.0000000000,-0.0007990579,0.0000000000,0.0500000007,0.9088921547
324.0000000000,-0.0007945306,0.0000000000,0.0500000007,0.9102777243
325.0000000000,-0.0007900033,0.0000000000,0.0500000007,0.9116633534
326.0000000000,-0.0007854761,0.0000000000,0.0500000007,0.9130489826
327.0000000000,-0.0007809488,0.0000000000,0.0500000007,0.9144345522
328.0000000000,-0.0007764215,0.0000000000,0.0500000007,0.9158201814
329.0000000000,-0.0007718942,0.0000000000,0.0500000007,0.9172057509
330.0000000000,-0.0007673670,0.0000000000,0.0500000007,0.9185913801
331.0000000000,-0.0007628397,0.0000000000,0.0500000007,0.9199770093
332.0000000000,-0.0007583124,0.0000000000,0.0500000007,0.9213625789
333.0000000000,-0.0007537851,0.0000000000,0.0500000007,0.9227482081
334.0000000000,-0.0007492579,0.0000000000,0.0500000007,0.9241337776
335.0000000000,-0.0007447306,0.0000000000,0.0500000007,0.9255194068
336.0000000000,-0.0007402033,0.0000000000,0.0500000007,0.9269049764
337.0000000000,-0.0007356760,0.0000000000,0.0500000007,0.9282906056
338.0000000000,-0.0007311488,0.0000000000,0.0500000007,0.9296761751
339.0000000000,-0.0007266215,0.0000000000,0.0500000007,0.9310618043
340.0000000000,-0.0007220942,0.0000000000,0.0500000007,0.9324473739
341.0000000000,-0.0007175669,0.0000000000,0.0500000007,0.9338330030
342.0000000000,-0.0007130397,0.0000000000,0.0500000007,0.9352186322
343.0000000000,-0.0007085124,0.0000000000,0.0500000007,0.9366042018
344.0000000000,-0.0007039851,0.0000000000,0.0500000007,0.9379898310
345.0000000000,-0.0006994578,0.0000000000,0.0500000007,0.9393754005
346.0000000000,-0.0006949306,0.0000000000,0.0500000007,0.9407610297
347.0000000000,-0.0006904033,0.0000000000,0.0500000007,0.9421465993
348.0000000000,-0.0006858760,0.0000000000,0.0500000007,0.9435322285
349.0000000000,-0.0006813487,0.0000000000,0.0500000007,0.9449177980
350.0000000000,-0.0006768215,0.0000000000,0.0500000007,0.9463033676
351.0000000000,-0.0006722942,0.0000000000,0.0500000007,0.9476890564
352.0000000000,-0.0006677669,0.0000000000,0.0500000007,0.9487076998
353.0000000000,-0.0006632396,0.0000000000,0.0500000007,0.9496986270
354.0000000000,-0.0006587123,0.0000000000,0.0500000007,0.9506944418
355.0000000000,-0.0006541851,0.0000000000,0.0500000007,0.9516903758
356.0000000000,-0.0006496578,0.0000000000,0.0500000007,0.9526860714
357.0000000000,-0.0006451305,0.0000000000,0.0500000007,0.9536814094
358.0000000000,-0.0006406032,0.0000000000,0.0500000007,0.9546767473
359.0000000000,-0.0006360760,0.0000000000,0.0500000007,0.9556720853
360.0000000000,-0.0006315487,0.0000000000,0.0500000007,0.9566645026
361.0000000000,-0.0006270214,0.0000000000,0.0500000007,0.9576591253
362.0000000000,-0.0006224941,0.0000000000,0.0500000007,0.9586536884
363.0000000000,-0.0006179669,0.0000000000,0.0500000007,0.9596483111
364.0000000000,-0.0006134396,0.0000000000,0.0500000007,0.9606429339
365.0000000000,-0.0006089123,0.0000000000,0.0500000007,0.9616374970
366.0000000000,-0.0006043850,0.0000000000,0.0500000007,0.9626321793
367.0000000000,-0.0005998578,0.0000000000,0.0500000007,0.9636267424
368.0000000000,-0.0005953305,0.0000000000,0.0500000007,0.9646213055
369.0000000000,-0.0005908032,0.0000000000,0.0500000007,0.9656159282
370.0000000000,-0.0005862759,0.0000000000,0.0500000007,0.9666105509
371.0000000000,-0.0005817487,0.0000000000,0.0500000007,0.9676052332
372.0000000000,-0.0005772214,0.0000000000,0.0500000007,0.9685997367
373.0000000000,-0.0005726941,0.0000000000,0.0500000007,0.9695942998
374.0000000000,-0.0005681668,0.0000000000,0.0500000007,0.9705889225
375.0000000000,-0.0005636396,0.0000000000,0.0500000007,0.9715836048
376.0000000000,-0.0005591123,0.0000000000,0.0500000007,0.9725781679
377.0000000000,-0.0005545850,0.0000000000,0.0500000007,0.9735727310
378.0000000000,-0.0005500577,0.0000000000,0.0500000007,0.9745674133
379.0000000000,-0.0005455305,0.0000000000,0.0500000007,0.9755619764
380.0000000000,-0.0005410032,0.0000000000,0.0500000007,0.9765565395
381.0000000000,-0.0005364759,0.0000000000,0.0500000007,0.9775511026
382.0000000000,-0.0005319486,0.0000000000,0.0500000007,0.9785457850
383.0000000000,-0.0005274214,0.0000000000,0.0500000007,0.9795403481
384.0000000000,-0.0005228941,0.0000000000,0.0500000007,0.9805349708
385.0000000000,-0.0005183668,0.0000000000,0.0500000007,0.9815295935
386.0000000000,-0.0005138395,0.0000000000,0.0500000007,0.9825241566
387.0000000000,-0.0005093123,0.0000000000,0.0500000007,0.9835187793
388.0000000000,-0.0005047850,0.0000000000,0.0500000007,0.9845134020
389.0000000000,-0.0005002577,0.0000000000,0.0500000007,0.9855079651
390.0000000000,-0.0004957304,0.0000000000,0.0500000007,0.9865025878
391.0000000000,-0.0004912032,0.0000000000,0.0500000007,0.9874972105
392.0000000000,-0.0004866759,0.0000000000,0.0500000007,0.9884917736
393.0000000000,-0.0004821487,0.0000000000,0.0500000007,0.9894863963
394.0000000000,-0.0004776214,0.0000000000,0.0500000007,0.9904810190
395.0000000000,-0.0004730942,0.0000000000,0.0500000007,0.9914755821
396.0000000000,-0.0004685669,0.0000000000,0.0500000007,0.9924701452
397.0000000000,-0.0004640397,0.0000000000,0.0500000007,0.9934648275
398.0000000000,-0.0004595124,0.0000000000,0.0500000007,0.9944593906
399.0000000000,-0.0004549852,0.0000000000,0.0500000007,0.9954539537
400.0000000000,-0.0004504579,0.0000000000,0.0500000007,0.9964176416
401.0000000000,-0.0004459307,0.0000000000,0.0500000007,0.9970170856
402.0000000000,-0.0004414034,0.0000000000,0.0500000007,0.9976164699
403.0000000000,-0.0004368762,0.0000000000,0.0500000007,0.9982159138
404.0000000000,-0.0004323490,0.0000000000,0.0500000007,0.9988152385
405.0000000000,-0.0004278217,0.0000000000,0.0500000007,0.9994145632
406.0000000000,-0.0004232945,0.0000000000,0.0500000007,1.0000137091
407.0000000000,-0.0004187672,0.0000000000,0.0500000007,1.0006127357
408.0000000000,-0.0004142400,0.0000000000,0.0500000007,1.0012117624
409.0000000000,-0.0004097127,0.0000000000,0.0500000007,1.0018107891
410.0000000000,-0.0004051855,0.0000000000,0.0500000007,1.0024099350
411.0000000000,-0.0004006582,0.0000000000,0.0500000007,1.0030064583
412.0000000000,-0.0003961310,0.0000000000,0.0500000007,1.0036051273
413.0000000000,-0.0003916037,0.0000000000,0.0500000007,1.0042037964
414.0000000000,-0.0003870765,0.0000000000,0.0500000007,1.0048024654
415.0000000000,-0.0003825492,0.0000000000,0.0500000007,1.0054011345
416.0000000000,-0.0003780220,0.0000000000,0.0500000007,1.0059998035
417.0000000000,-0.0003734948,0.0000000000,0.0500000007,1.0065984726
418.0000000000,-0.0003689675,0.0000000000,0.0500000007,1.0071971416
419.0000000000,-0.0003644403,0.0000000000,0.0500000007,1.0077958107
420.0000000000,-0.0003599130,0.0000000000,0.0500000007,1.0083944798
421.0000000000,-0.0003553858,0.0000000000,0.0500000007,1.0089931488
422.0000000000,-0.0003508585,0.0000000000,0.0500000007,1.0095918179
423.0000000000,-0.0003463313,0.0000000000,0.0500000007,1.0101903677
424.0000000000,-0.0003418040,0.0000000000,0.0500000007,1.0107890368
425.0000000000,-0.0003372768,0.0000000000,0.0500000007,1.0113878250
426.0000000000,-0.0003327495,0.0000000000,0.0500000007,1.0119863749
427.0000000000,-0.0003282223,0.0000000000,0.0500000007,1.0125850439
428.0000000000,-0.0003236950,0.0000000000,0.0500000007,1.0131837130
429.0000000000,-0.0003191678,0.0000000000,0.0500000007,1.0137823820
430.0000000000,-0.0003146406,0.0000000000,0.0500000007,1.0143810511
431.0000000000,-0.0003101133,0.0000000000,0.0500000007,1.0149797201
432.0000000000,-0.0003055861,0.0000000000,0.0500000007,1.0155782700
433.0000000000,-0.0003010588,0.0000000000,0.0500000007,1.0161769390
434.0000000000,-0.0002965316,0.0000000000,0.0500000007,1.0167756081
435.0000000000,-0.0002920043,0.0000000000,0.0500000007,1.0173742771
436.0000000000,-0.0002874771,0.0000000000,0.0500000007,1.0179729462
437.0000000000,-0.0002829498,0.0000000000,0.0500000007,1.0185716152
438.0000000000,-0.0002784226,0.0000000000,0.0500000007,1.0191702843
439.0000000000,-0.0002738953,0.0000000000,0.0500000007,1.0197689533
440.0000000000,-0.0002693681,0.0000000000,0.0500000007,1.0203676224
441.0000000000,-0.0002648408,0.0000000000,0.0500000007,1.0209662914
442.0000000000,-0.0002603136,0.0000000000,0.0500000007,1.0215649605
443.0000000000,-0.0002557863,0.0000000000,0.0500000007,1.0221636295
444.0000000000,-0.0002512591,0.0000000000,0.0500000007,1.0227621794
445.0000000000,-0.0002467319,0.0000000000,0.0500000007,1.0233608484
446.0000000000,-0.0002422046,0.0000000000,0.0500000007,1.0239595175
447.0000000000,-0.0002376774,0.0000000000,0.0500000007,1.0245581865
448.0000000000,-0.0002331501,0.0000000000,0.0500000007,1.0251568556
449.0000000000,-0.0002286229,0.0000000000,0.0500000007,1.0257555246
450.0000000000,-0.0002240956,0.0000000000,0.0500000007,1.0261665583
451.0000000000,-0.0002195684,0.0000000000,0.0500000007,1.0263670683
452.0000000000,-0.0002150411,0.0000000000,0.0500000007,1.0265678167
453.0000000000,-0.0002105139,0.0000000000,0.0500000007,1.0267684460
454.0000000000,-0.0002059866,0.0000000000,0.0500000007,1.0269688368
455.0000000000,-0.0002014594,0.0000000000,0.0500000007,1.0271695852
456.0000000000,-0.0001969321,0.0000000000,0.0500000007,1.0273699760
457.0000000000,-0.0001924049,0.0000000000,0.0500000007,1.0275704861
458.0000000000,-0.0001878777,0.0000000000,0.0500000007,1.0277709961
459.0000000000,-0.0001833504,0.0000000000,0.0500000007,1.0279715061
460.0000000000,-0.0001788232,0.0000000000,0.0500000007,1.0281720161
461.0000000000,-0.0001742959,0.0000000000,0.0500000007,1.0283725262
462.0000000000,-0.0001697687,0.0000000000,0.0500000007,1.0285730362
463.0000000000,-0.0001652414,0.0000000000,0.0500000007,1.0287735462
464.0000000000,-0.0001607142,0.0000000000,0.0500000007,1.0289739370
465.0000000000,-0.0001561869,0.0000000000,0.0500000007,1.0291744471
466.0000000000,-0.0001516597,0.0000000000,0.0500000007,1.0293749571
467.0000000000,-0.0001471324,0.0000000000,0.0500000007,1.0295754671
468.0000000000,-0.0001426052,0.0000000000,0.0500000007,1.0297759771
469.0000000000,-0.0001380779,0.0000000000,0.0500000007,1.0299764872
470.0000000000,-0.0001335507,0.0000000000,0.0500000007,1.0301768780
471.0000000000,-0.0001290235,0.0000000000,0.0500000007,1.0303753614
472.0000000000,-0.0001244962,0.0000000000,0.0500000007,1.0305757523
473.0000000000,-0.0001199690,0.0000000000,0.0500000007,1.0307761431
474.0000000000,-0.0001154417,0.0000000000,0.0500000007,1.0309765339
475.0000000000,-0.0001109145,0.0000000000,0.0500000007,1.0311768055
476.0000000000,-0.0001063872,0.0000000000,0.0500000007,1.0313771963
477.0000000000,-0.0001018600,0.0000000000,0.0500000007,1.0315775871
478.0000000000,-0.0000973327,0.0000000000,0.0500000007,1.0317779779
479.0000000000,-0.0000928055,0.0000000000,0.0500000007,1.0319783688
480.0000000000,-0.0000882782,0.0000000000,0.0500000007,1.0321786404
481.0000000000,-0.0000837510,0.0000000000,0.0500000007,1.0323790312
482.0000000000,-0.0000792237,0.0000000000,0.0500000007,1.0325794220
483.0000000000,-0.0000746965,0.0000000000,0.0500000007,1.0327798128
484.0000000000,-0.0000701692,0.0000000000,0.0500000007,1.0329802036
485.0000000000,-0.0000656420,0.0000000000,0.0500000007,1.0331804752
486.0000000000,-0.0000611148,0.0000000000,0.0500000007,1.0333808661
487.0000000000,-0.0000565875,0.0000000000,0.0500000007,1.0335812569
488.0000000000,-0.0000520603,0.0000000000,0.0500000007,1.0337816477
489.0000000000,-0.0000475330,0.0000000000,0.0500000007,1.0339820385
490.0000000000,-0.0000430058,0.0000000000,0.0500000007,1.0341823101
491.0000000000,-0.0000384785,0.0000000000,0.0500000007,1.0343827009
492.0000000000,-0.0000339513,0.0000000000,0.0500000007,1.0345830917
493.0000000000,-0.0000294240,0.0000000000,0.0500000007,1.0347834826
494.0000000000,-0.0000248968,0.0000000000,0.0500000007,1.0349838734
495.0000000000,-0.0000203695,0.0000000000,0.0500000007,1.0351841450
496.0000000000,-0.0000158423,0.0000000000,0.0500000007,1.0353846550
497.0000000000,-0.0000113150,0.0000000000,0.0500000007,1.0355849266
498.0000000000,-0.0000067878,0.0000000000,0.0500000007,1.0357851982
499.0000000000,-0.0000022605,0.0000000000,0.0500000007,1.0359857082
500.0000000000,0.0000022667,0.0000000000,0.0500000007,1.0359867811
501.0000000000,0.0000067939,0.0000000000,0.0500000007,1.0357877016
502.0000000000,0.0000113212,0.0000000000,0.0500000007,1.0355886221
503.0000000000,0.0000158484,0.0000000000,0.0500000007,1.0353895426
504.0000000000,0.0000203757,0.0000000000,0.0500000007,1.0351905823
505.0000000000,0.0000249029,0.0000000000,0.0500000007,1.0349915028
506.0000000000,0.0000294302,0.0000000000,0.0500000007,1.0347923040
507.0000000000,0.0000339574,0.0000000000,0.0500000007,1.0345932245
508.0000000000,0.0000384847,0.0000000000,0.0500000007,1.0343939066
509.0000000000,0.0000430119,0.0000000000,0.0500000007,1.0341947079
510.0000000000,0.0000475392,0.0000000000,0.0500000007,1.0339956284
511.0000000000,0.0000520664,0.0000000000,0.0500000007,1.0337963104
512.0000000000,0.0000565937,0.0000000000,0.0500000007,1.0335972309
513.0000000000,0.0000611209,0.0000000000,0.0500000007,1.0333981514
514.0000000000,0.0000656481,0.0000000000,0.0500000007,1.0331988335
515.0000000000,0.0000701754,0.0000000000,0.0500000007,1.0329998732
516.0000000000,0.0000747026,0.0000000000,0.0500000007,1.0328005552
517.0000000000,0.0000792299,0.0000000000,0.0500000007,1.0326013565
518.0000000000,0.0000837571,0.0000000000,0.0500000007,1.0324021578
519.0000000000,0.0000882844,0.0000000000,0.0500000007,1.0322030783
520.0000000000,0.0000928116,0.0000000000,0.0500000007,1.0320038795
521.0000000000,0.0000973389,0.0000000000,0.0500000007,1.0318088531
522.0000000000,0.0001018661,0.0000000000,0.0500000007,1.0316100121
523.0000000000,0.0001063934,0.0000000000,0.0500000007,1.0314110518
524.0000000000,0.0001109206,0.0000000000,0.0500000007,1.0312122107
525.0000000000,0.0001154479,0.0000000000,0.0500000007,1.0310132504
526.0000000000,0.0001199751,0.0000000000,0.0500000007,1.0308142900
527.0000000000,0.0001245024,0.0000000000,0.0500000007,1.0306153297
528.0000000000,0.0001290296,0.0000000000,0.0500000007,1.0304164886
529.0000000000,0.0001335569,0.0000000000,0.0500000007,1.0302175283
530.0000000000,0.0001380841,0.0000000000,0.0500000007,1.0300186872
531.0000000000,0.0001426113,0.0000000000,0.0500000007,1.0298197269
532.0000000000,0.0001471386,0.0000000000,0.0500000007,1.0296208858
533.0000000000,0.0001516658,0.0000000000,0.0500000007,1.0294219255
534.0000000000,0.0001561931,0.0000000000,0.0500000007,1.0292229652
535.0000000000,0.0001607203,0.0000000000,0.0500000007,1.0290241241
536.0000000000,0.0001652476,0.0000000000,0.0500000007,1.0288251638
537.0000000000,0.0001697748,0.0000000000,0.0500000007,1.0286262035
538.0000000000,0.0001743021,0.0000000000,0.0500000007,1.0284273624
539.0000000000,0.0001788293,0.0000000000,0.0500000007,1.0282284021
540.0000000000,0.0001833566,0.0000000000,0.0500000007,1.0280295610
541.0000000000,0.0001878838,0.0000000000,0.0500000007,1.0278306007
542.0000000000,0.0001924111,0.0000000000,0.0500000007,1.0276317596
543.0000000000,0.0001969383,0.0000000000,0.0500000007,1.0274327993
544.0000000000,0.0002014655,0.0000000000,0.0500000007,1.0272338390
545.0000000000,0.0002059928,0.0000000000,0.0500000007,1.0270349979
546.0000000000,0.0002105200,0.0000000000,0.0500000007,1.0268360376
547.0000000000,0.0002150473,0.0000000000,0.0500000007,1.0266370773
548.0000000000,0.0002195745,0.0000000000,0.0500000007,1.0264382362
549.0000000000,0.0002241018,0.0000000000,0.0500000007,1.0262392759
550.0000000000,0.0002286290,0.0000000000,0.0500000007,1.0258278847
551.0000000000,0.0002331563,0.0000000000,0.0500000007,1.0252304077
552.0000000000,0.0002376835,0.0000000000,0.0500000007,1.0246329308
553.0000000000,0.0002422108,0.0000000000,0.0500000007,1.0240354538
554.0000000000,0.0002467380,0.0000000000,0.0500000007,1.0234394073
555.0000000000,0.0002512653,0.0000000000,0.0500000007,1.0228364468
556.0000000000,0.0002557925,0.0000000000,0.0500000007,1.0222429037
557.0000000000,0.0002603198,0.0000000000,0.0500000007,1.0216454268
558.0000000000,0.0002648470,0.0000000000,0.0500000007,1.0210479498
559.0000000000,0.0002693743,0.0000000000,0.0500000007,1.0204504728
560.0000000000,0.0002739015,0.0000000000,0.0500000007,1.0198528767
561.0000000000,0.0002784287,0.0000000000,0.0500000007,1.0192553997
562.0000000000,0.0002829560,0.0000000000,0.0500000007,1.0186579227
563.0000000000,0.0002874832,0.0000000000,0.0500000007,1.0180604458
564.0000000000,0.0002920105,0.0000000000,0.0500000007,1.0174629688
565.0000000000,0.0002965377,0.0000000000,0.0500000007,1.0168654919
566.0000000000,0.0003010650,0.0000000000,0.0500000007,1.0162680149
567.0000000000,0.0003055922,0.0000000000,0.0500000007,1.0156705379
568.0000000000,0.0003101195,0.0000000000,0.0500000007,1.0150729418
569.0000000000,0.0003146467,0.0000000000,0.0500000007,1.0144755840
570.0000000000,0.0003191740,0.0000000000,0.0500000007,1.0138779879
571.0000000000,0.0003237012,0.0000000000,0.0500000007,1.0132803917
572.0000000000,0.0003282285,0.0000000000,0.0500000007,1.0126830339
573.0000000000,0.0003327557,0.0000000000,0.0500000007,1.0120854378
574.0000000000,0.0003372830,0.0000000000,0.0500000007,1.0114879608
575.0000000000,0.0003418102,0.0000000000,0.0500000007,1.0108904839
576.0000000000,0.0003463374,0.0000000000,0.0500000007,1.0102930069
577.0000000000,0.0003508647,0.0000000000,0.0500000007,1.0096955299
578.0000000000,0.0003553919,0.0000000000,0.0500000007,1.0090980530
579.0000000000,0.0003599192,0.0000000000,0.0500000007,1.0085004568
580.0000000000,0.0003644464,0.0000000000,0.0500000007,1.0079029799
581.0000000000,0.0003689737,0.0000000000,0.0500000007,1.0073055029
582.0000000000,0.0003735009,0.0000000000,0.0500000007,1.0067080259
583.0000000000,0.0003780282,0.0000000000,0.0500000007,1.0061105490
584.0000000000,0.0003825554,0.0000000000,0.0500000007,1.0055130720
585.0000000000,0.0003870827,0.0000000000,0.0500000007,1.0049154758
586.0000000000,0.0003916099,0.0000000000,0.0500000007,1.0043179989
587.0000000000,0.0003961372,0.0000000000,0.0500000007,1.0037205219
588.0000000000,0.0004006644,0.0000000000,0.0500000007,1.0031230450
589.0000000000,0.0004051916,0.0000000000,0.0500000007,1.0025255680
590.0000000000,0.0004097189,0.0000000000,0.0500000007,1.0019280910
591.0000000000,0.0004142461,0.0000000000,0.0500000007,1.0013306141
592.0000000000,0.0004187734,0.0000000000,0.0500000007,1.0007330179
593.0000000000,0.0004233006,0.0000000000,0.0500000007,1.0001355410
594.0000000000,0.0004278279,0.0000000000,0.0500000007,0.9995381236
595.0000000000,0.0004323551,0.0000000000,0.0500000007,0.9989405870
596.0000000000,0.0004368824,0.0000000000,0.0500000007,0.9983431101
597.0000000000,0.0004414096,0.0000000000,0.0500000007,0.9977455735
598.0000000000,0.0004459369,0.0000000000,0.0500000007,0.9971480966
599.0000000000,0.0004504641,0.0000000000,0.0500000007,0.9965102673
600.0000000000,0.0004549914,0.0000000000,0.0500000007,0.9955834150
601.0000000000,0.0004595186,0.0000000000,0.0500000007,0.9945895672
602.0000000000,0.0004640459,0.0000000000,0.0500000007,0.9935957193
603.0000000000,0.0004685731,0.0000000000,0.0500000007,0.9926017523
604.0000000000,0.0004731003,0.0000000000,0.0500000007,0.9916074276
605.0000000000,0.0004776276,0.0000000000,0.0500000007,0.9906140566
606.0000000000,0.0004821548,0.0000000000,0.0500000007,0.9896201491
607.0000000000,0.0004866821,0.0000000000,0.0500000007,0.9886262417
608.0000000000,0.0004912093,0.0000000000,0.0500000007,0.9876324534
609.0000000000,0.0004957366,0.0000000000,0.0500000007,0.9866386056
610.0000000000,0.0005002639,0.0000000000,0.0500000007,0.9856446981
611.0000000000,0.0005047912,0.0000000000,0.0500000007,0.9846507907
612.0000000000,0.0005093184,0.0000000000,0.0500000007,0.9836568832
613.0000000000,0.0005138457,0.0000000000,0.0500000007,0.9826630354
614.0000000000,0.0005183730,0.0000000000,0.0500000007,0.9816690683
615.0000000000,0.0005229003,0.0000000000,0.0500000007,0.9806752205
616.0000000000,0.0005274275,0.0000000000,0.0500000007,0.9796813130
617.0000000000,0.0005319548,0.0000000000,0.0500000007,0.9786874056
618.0000000000,0.0005364821,0.0000000000,0.0500000007,0.9776935577
619.0000000000,0.0005410094,0.0000000000,0.0500000007,0.9766997099
620.0000000000,0.0005455366,0.0000000000,0.0500000007,0.9757057428
621.0000000000,0.0005500639,0.0000000000,0.0500000007,0.9747118950
622.0000000000,0.0005545912,0.0000000000,0.0500000007,0.9737180471
623.0000000000,0.0005591185,0.0000000000,0.0500000007,0.9727240801
624.0000000000,0.0005636457,0.0000000000,0.0500000007,0.9717302322
625.0000000000,0.0005681730,0.0000000000,0.0500000007,0.9707363844
626.0000000000,0.0005727003,0.0000000000,0.0500000007,0.9697425365
627.0000000000,0.0005772276,0.0000000000,0.0500000007,0.9687485695
628.0000000000,0.0005817548,0.0000000000,0.0500000007,0.9677547216
629.0000000000,0.0005862821,0.0000000000,0.0500000007,0.9667608738
630.0000000000,0.0005908094,0.0000000000,0.0500000007,0.9657669067
631.0000000000,0.0005953367,0.0000000000,0.0500000007,0.9647730589
632.0000000000,0.0005998639,0.0000000000,0.0500000007,0.9637792110
633.0000000000,0.0006043912,0.0000000000,0.0500000007,0.9627853036
634.0000000000,0.0006089185,0.0000000000,0.0500000007,0.9617913961
635.0000000000,0.0006134458,0.0000000000,0.0500000007,0.9607975483
636.0000000000,0.0006179730,0.0000000000,0.0500000007,0.9598036408
637.0000000000,0.0006225003,0.0000000000,0.0500000007,0.9588097930
638.0000000000,0.0006270276,0.0000000000,0.0500000007,0.9578158855
639.0000000000,0.0006315549,0.0000000000,0.0500000007,0.9568219781
640.0000000000,0.0006360821,0.0000000000,0.0500000007,0.9558281303
641.0000000000,0.0006406094,0.0000000000,0.0500000007,0.9548342228
642.0000000000,0.0006451367,0.0000000000,0.0500000007,0.9538403750
643.0000000000,0.0006496640,0.0000000000,0.0500000007,0.9528465271
644.0000000000,0.0006541912,0.0000000000,0.0500000007,0.9518525600
645.0000000000,0.0006587185,0.0000000000,0.0500000007,0.9508586526
646.0000000000,0.0006632458,0.0000000000,0.0500000007,0.9498648047
647.0000000000,0.0006677731,0.0000000000,0.0500000007,0.9488708973
648.0000000000,0.0006723003,0.0000000000,0.0500000007,0.9478523731
649.0000000000,0.0006768276,0.0000000000,0.0500000007,0.9464669824
650.0000000000,0.0006813549,0.0000000000,0.0500000007,0.9450816512
651.0000000000,0.0006858822,0.0000000000,0.0500000007,0.9436980486
652.0000000000,0.0006904094,0.0000000000,0.0500000007,0.9423116446
653.0000000000,0.0006949367,0.0000000000,0.0500000007,0.9409250617
654.0000000000,0.0006994640,0.0000000000,0.0500000007,0.9395377636
655.0000000000,0.0007039913,0.0000000000,0.0500000007,0.9381548166
656.0000000000,0.0007085185,0.0000000000,0.0500000007,0.9367693663
657.0000000000,0.0007130458,0.0000000000,0.0500000007,0.9353840947
658.0000000000,0.0007175731,0.0000000000,0.0500000007,0.9339987040
659.0000000000,0.0007221004,0.0000000000,0.0500000007,0.9326133728
660.0000000000,0.0007266277,0.0000000000,0.0500000007,0.9312279224
661.0000000000,0.0007311549,0.0000000000,0.0500000007,0.9298425913
662.0000000000,0.0007356822,0.0000000000,0.0500000007,0.9284572601
663.0000000000,0.0007402095,0.0000000000,0.0500000007,0.9270718694
664.0000000000,0.0007447368,0.0000000000,0.0500000007,0.9256864786
665.0000000000,0.0007492640,0.0000000000,0.0500000007,0.9243010879
666.0000000000,0.0007537913,0.0000000000,0.0500000007,0.9229158163
667.0000000000,0.0007583186,0.0000000000,0.0500000007,0.9215304256
668.0000000000,0.0007628459,0.0000000000,0.0500000007,0.9201450944
669.0000000000,0.0007673731,0.0000000000,0.0500000007,0.9187597036
670.0000000000,0.0007719004,0.0000000000,0.0500000007,0.9173742533
671.0000000000,0.0007764277,0.0000000000,0.0500000007,0.9159889221
672.0000000000,0.0007809550,0.0000000000,0.0500000007,0.9146035910
673.0000000000,0.0007854822,0.0000000000,0.0500000007,0.9132182002
674.0000000000,0.0007900095,0.0000000000,0.0500000007,0.9118328095
675.0000000000,0.0007945368,0.0000000000,0.0500000007,0.9104474783
676.0000000000,0.0007990641,0.0000000000,0.0500000007,0.9090621471
677.0000000000,0.0008035913,0.0000000000,0.0500000007,0.9076768160
678.0000000000,0.0008081186,0.0000000000,0.0500000007,0.9062914252
679.0000000000,0.0008126459,0.0000000000,0.0500000007,0.9049060345
680.0000000000,0.0008171732,0.0000000000,0.0500000007,0.9035207033
681.0000000000,0.0008217004,0.0000000000,0.0500000007,0.9021352530
682.0000000000,0.0008262277,0.0000000000,0.0500000007,0.9007499218
683.0000000000,0.0008307550,0.0000000000,0.0500000007,0.8993645310
684.0000000000,0.0008352823,0.0000000000,0.0500000007,0.8979792595
685.0000000000,0.0008398095,0.0000000000,0.0500000007,0.8965938091
686.0000000000,0.0008443368,0.0000000000,0.0500000007,0.8952084780
687.0000000000,0.0008488641,0.0000000000,0.0500000007,0.8938230872
688.0000000000,0.0008533914,0.0000000000,0.0500000007,0.8924377561
689.0000000000,0.0008579186,0.0000000000,0.0500000007,0.8910523653
690.0000000000,0.0008624459,0.0000000000,0.0500000007,0.8896669745
691.0000000000,0.0008669732,0.0000000000,0.0500000007,0.8882815838
692.0000000000,0.0008715005,0.0000000000,0.0500000007,0.8868962526
693.0000000000,0.0008760277,0.0000000000,0.0500000007,0.8855108619
694.0000000000,0.0008805550,0.0000000000,0.0500000007,0.8841255307
695.0000000000,0.0008850823,0.0000000000,0.0500000007,0.8827401400
696.0000000000,0.0008896096,0.0000000000,0.0500000007,0.8812469840
697.0000000000,0.0008941368,0.0000000000,0.0500000007,0.8794775605
698.0000000000,0.0008986641,0.0000000000,0.0500000007,0.8777081966
699.0000000000,0.0009031914,0.0000000000,0.0500000007,0.8759407997
700.0000000000,0.0009077187,0.0000000000,0.0500000007,0.8741699457
701.0000000000,0.0009122459,0.0000000000,0.0500000007,0.8723986149
702.0000000000,0.0009167732,0.0000000000,0.0500000007,0.8706268072
703.0000000000,0.0009213005,0.0000000000,0.0500000007,0.8688613176
704.0000000000,0.0009258278,0.0000000000,0.0500000007,0.8670918942
705.0000000000,0.0009303550,0.0000000000,0.0500000007,0.8653224707
706.0000000000,0.0009348823,0.0000000000,0.0500000007,0.8635531664
707.0000000000,0.0009394096,0.0000000000,0.0500000007,0.8617837429
708.0000000000,0.0009439369,0.0000000000,0.0500000007,0.8600143194
709.0000000000,0.0009484641,0.0000000000,0.0500000007,0.8582450151
710.0000000000,0.0009529914,0.0000000000,0.0500000007,0.8564755917
711.0000000000,0.0009575187,0.0000000000,0.0500000007,0.8547061682
712.0000000000,0.0009620460,0.0000000000,0.0500000007,0.8529368639
713.0000000000,0.0009665733,0.0000000000,0.0500000007,0.8511674404
714.0000000000,0.0009711005,0.0000000000,0.0500000007,0.8493980765
715.0000000000,0.0009756278,0.0000000000,0.0500000007,0.8476287127
716.0000000000,0.0009801551,0.0000000000,0.0500000007,0.8458592892
717.0000000000,0.0009846824,0.0000000000,0.0500000007,0.8440899253
718.0000000000,0.0009892096,0.0000000000,0.0500000007,0.8423205614
719.0000000000,0.0009937369,0.0000000000,0.0500000007,0.8405511975
720.0000000000,0.0009982642,0.0000000000,0.0500000007,0.8387818337
721.0000000000,0.0010027915,0.0000000000,0.0500000007,0.8370124102
722.0000000000,0.0010073187,0.0000000000,0.0500000007,0.8352430463
723.0000000000,0.0010118460,0.0000000000,0.0500000007,0.8334736824
724.0000000000,0.0010163733,0.0000000000,0.0500000007,0.8317042589
725.0000000000,0.0010209006,0.0000000000,0.0500000007,0.8299348950
726.0000000000,0.0010254278,0.0000000000,0.0500000007,0.8281655312
727.0000000000,0.0010299551,0.0000000000,0.0500000007,0.8263961673
728.0000000000,0.0010344824,0.0000000000,0.0500000007,0.8246268034
729.0000000000,0.0010390097,0.0000000000,0.0500000007,0.8228573799
730.0000000000,0.0010435369,0.0000000000,0.0500000007,0.8210880160
731.0000000000,0.0010480642,0.0000000000,0.0500000007,0.8193186522
732.0000000000,0.0010525915,0.0000000000,0.0500000007,0.8175492287
733.0000000000,0.0010571188,0.0000000000,0.0500000007,0.8157798648
734.0000000000,0.0010616460,0.0000000000,0.0500000007,0.8140105009
735.0000000000,0.0010661733,0.0000000000,0.0500000007,0.8122410774
736.0000000000,0.0010707006,0.0000000000,0.0500000007,0.8104717135
737.0000000000,0.0010752279,0.0000000000,0.0500000007,0.8087023497
738.0000000000,0.0010797551,0.0000000000,0.0500000007,0.8069329858
739.0000000000,0.0010842824,0.0000000000,0.0500000007,0.8051636219
740.0000000000,0.0010888097,0.0000000000,0.0500000007,0.8033941984
741.0000000000,0.0010933370,0.0000000000,0.0500000007,0.8016248345
742.0000000000,0.0010978642,0.0000000000,0.0500000007,0.7998554707
743.0000000000,0.0011023915,0.0000000000,0.0500000007,0.7977364659
744.0000000000,0.0011069188,0.0000000000,0.0500000007,0.7955923080
745.0000000000,0.0011114461,0.0000000000,0.0500000007,0.7934480906
746.0000000000,0.0011159733,0.0000000000,0.0500000007,0.7913039327
747.0000000000,0.0011205006,0.0000000000,0.0500000007,0.7891597152
748.0000000000,0.0011250279,0.0000000000,0.0500000007,0.7870154977
749.0000000000,0.0011295552,0.0000000000,0.0500000007,0.7848713398
750.0000000000,0.0011340824,0.0000000000,0.0500000007,0.7827271819
751.0000000000,0.0011386097,0.0000000000,0.0500000007,0.7805830240
752.0000000000,0.0011431370,0.0000000000,0.0500000007,0.7784388065
753.0000000000,0.0011476643,0.0000000000,0.0500000007,0.7762947083
754.0000000000,0.0011521915,0.0000000000,0.0500000007,0.7741504908
755.0000000000,0.0011567188,0.0000000000,0.0500000007,0.7720063329
756.0000000000,0.0011612461,0.0000000000,0.0500000007,0.7698621154
757.0000000000,0.0011657734,0.0000000000,0.0500000007,0.7677179575
758.0000000000,0.0011703006,0.0000000000,0.0500000007,0.7655737996
759.0000000000,0.0011748279,0.0000000000,0.0500000007,0.7634296417
760.0000000000,0.0011793552,0.0000000000,0.0500000007,0.7612854242
761.0000000000,0.0011838825,0.0000000000,0.0500000007,0.7591413260
762.0000000000,0.0011884097,0.0000000000,0.0500000007,0.7569971085
763.0000000000,0.0011929370,0.0000000000,0.0500000007,0.7548528910
764.0000000000,0.0011974643,0.0000000000,0.0500000007,0.7527087927
765.0000000000,0.0012019916,0.0000000000,0.0500000007,0.7505645752
766.0000000000,0.0012065188,0.0000000000,0.0500000007,0.7484204173
767.0000000000,0.0012110461,0.0000000000,0.0500000007,0.7462762594
768.0000000000,0.0012155734,0.0000000000,0.0500000007,0.7441321611
769.0000000000,0.0012201007,0.0000000000,0.0500000007,0.7419879437
770.0000000000,0.0012246280,0.0000000000,0.0500000007,0.7398437262
771.0000000000,0.0012291552,0.0000000000,0.0500000007,0.7376996279
772.0000000000,0.0012336825,0.0000000000,0.0500000007,0.7355554104
773.0000000000,0.0012382098,0.0000000000,0.0500000007,0.7334113121
774.0000000000,0.0012427371,0.0000000000,0.0500000007,0.7312670946
775.0000000000,0.0012472643,0.0000000000,0.0500000007,0.7291229963
776.0000000000,0.0012517916,0.0000000000,0.0500000007,0.7269788384
777.0000000000,0.0012563189,0.0000000000,0.0500000007,0.7248346806
778.0000000000,0.0012608462,0.0000000000,0.0500000007,0.7226905227
779.0000000000,0.0012653734,0.0000000000,0.0500000007,0.7205463648
780.0000000000,0.0012699007,0.0000000000,0.0500000007,0.7184021473
781.0000000000,0.0012744280,0.0000000000,0.0500000007,0.7162580490
782.0000000000,0.0012789553,0.0000000000,0.0500000007,0.7141138911
783.0000000000,0.0012834825,0.0000000000,0.0500000007,0.7119696736
784.0000000000,0.0012880098,0.0000000000,0.0500000007,0.7098255754
785.0000000000,0.0012925371,0.0000000000,0.0500000007,0.7076814175
786.0000000000,0.0012970644,0.0000000000,0.0500000007,0.7055372596
787.0000000000,0.0013015916,0.0000000000,0.0500000007,0.7032656670
788.0000000000,0.0013061189,0.0000000000,0.0500000007,0.7007604241
789.0000000000,0.0013106462,0.0000000000,0.0500000007,0.6982553005
790.0000000000,0.0013151735,0.0000000000,0.0500000007,0.6957500577
791.0000000000,0.0013197007,0.0000000000,0.0500000007,0.6932449341
792.0000000000,0.0013242280,0.0000000000,0.0500000007,0.6907396913
793.0000000000,0.0013287553,0.0000000000,0.0500000007,0.6882345080
794.0000000000,0.0013332826,0.0000000000,0.0500000007,0.6857292652
795.0000000000,0.0013378098,0.0000000000,0.0500000007,0.6832241416
796.0000000000,0.0013423371,0.0000000000,0.0500000007,0.6807189584
797.0000000000,0.0013468644,0.0000000000,0.0500000007,0.6782137752
798.0000000000,0.0013513917,0.0000000000,0.0500000007,0.6757085919
799.0000000000,0.0013559189,0.0000000000,0.0500000007,0.6732033491
800.0000000000,0.0013604462,0.0000000000,0.0500000007,0.6706982255
801.0000000000,0.0013649735,0.0000000000,0.0500000007,0.6681929827
802.0000000000,0.0013695008,0.0000000000,0.0500000007,0.6656877995
803.0000000000,0.0013740280,0.0000000000,0.0500000007,0.6631826162
804.0000000000,0.0013785553,0.0000000000,0.0500000007,0.6606774330
805.0000000000,0.0013830826,0.0000000000,0.0500000007,0.6581722498
806.0000000000,0.0013876099,0.0000000000,0.0500000007,0.6556670666
807.0000000000,0.0013921371,0.0000000000,0.0500000007,0.6531618834
808.0000000000,0.0013966644,0.0000000000,0.0500000007,0.6506567001
809.0000000000,0.0014011917,0.0000000000,0.0500000007,0.6481515169
810.0000000000,0.0014057190,0.0000000000,0.0500000007,0.6456463337
811.0000000000,0.0014102462,0.0000000000,0.0500000007,0.6431411505
812.0000000000,0.0014147735,0.0000000000,0.0500000007,0.6406359673
813.0000000000,0.0014193008,0.0000000000,0.0500000007,0.6381307840
814.0000000000,0.0014238281,0.0000000000,0.0500000007,0.6356255412
815.0000000000,0.0014283553,0.0000000000,0.0500000007,0.6331203580
816.0000000000,0.0014328826,0.0000000000,0.0500000007,0.6306151748
817.0000000000,0.0014374099,0.0000000000,0.0500000007,0.6281099916
818.0000000000,0.0014419372,0.0000000000,0.0500000007,0.6254163384
819.0000000000,0.0014464644,0.0000000000,0.0500000007,0.6226574779
820.0000000000,0.0014509917,0.0000000000,0.0500000007,0.6198985577
821.0000000000,0.0014555190,0.0000000000,0.0500000007,0.6171395779
822.0000000000,0.0014600463,0.0000000000,0.0500000007,0.6143807173
823.0000000000,0.0014645736,0.0000000000,0.0500000007,0.6116217375
824.0000000000,0.0014691008,0.0000000000,0.0500000007,0.6088628769
825.0000000000,0.0014736281,0.0000000000,0.0500000007,0.6061039567
826.0000000000,0.0014781554,0.0000000000,0.0500000007,0.6033450365
827.0000000000,0.0014826827,0.0000000000,0.0500000007,0.6005861163
828.0000000000,0.0014872099,0.0000000000,0.0500000007,0.5978272557
829.0000000000,0.0014917372,0.0000000000,0.0500000007,0.5950683355
830.0000000000,0.0014962645,0.0000000000,0.0500000007,0.5923093557
831.0000000000,0.0015007918,0.0000000000,0.0500000007,0.5895504952
832.0000000000,0.0015053190,0.0000000000,0.0500000007,0.5867916346
833.0000000000,0.0015098463,0.0000000000,0.0500000007,0.5840326548
834.0000000000,0.0015143736,0.0000000000,0.0500000007,0.5812737346
835.0000000000,0.0015189009,0.0000000000,0.0500000007,0.5785148144
836.0000000000,0.0015234281,0.0000000000,0.0500000007,0.5757558942
837.0000000000,0.0015279554,0.0000000000,0.0500000007,0.5729969740
838.0000000000,0.0015324827,0.0000000000,0.0500000007,0.5702380538
839.0000000000,0.0015370100,0.0000000000,0.0500000007,0.5674791336
840.0000000000,0.0015415372,0.0000000000,0.0500000007,0.5647202134
841.0000000000,0.0015460645,0.0000000000,0.0500000007,0.5619612932
842.0000000000,0.0015505918,0.0000000000,0.0500000007,0.5592024326
843.0000000000,0.0015551191,0.0000000000,0.0500000007,0.5564435124
844.0000000000,0.0015596463,0.0000000000,0.0500000007,0.5536845923
845.0000000000,0.0015641736,0.0000000000,0.0500000007,0.5509257317
846.0000000000,0.0015687009,0.0000000000,0.0500000007,0.5481666923
847.0000000000,0.0015732282,0.0000000000,0.0500000007,0.5454077721
848.0000000000,0.0015777554,0.0000000000,0.0500000007,0.5426146388
849.0000000000,0.0015822827,0.0000000000,0.0500000007,0.5396012664
850.0000000000,0.0015868100,0.0000000000,0.0500000007,0.5365880132
851.0000000000,0.0015913373,0.0000000000,0.0500000007,0.5335737467
852.0000000000,0.0015958645,0.0000000000,0.0500000007,0.5305613279
853.0000000000,0.0016003918,0.0000000000,0.0500000007,0.5275480151
854.0000000000,0.0016049191,0.0000000000,0.0500000007,0.5245347023
855.0000000000,0.0016094464,0.0000000000,0.0500000007,0.5215213895
856.0000000000,0.0016139736,0.0000000000,0.0500000007,0.5185080767
857.0000000000,0.0016185009,0.0000000000,0.0500000007,0.5154947043
858.0000000000,0.0016230282,0.0000000000,0.0500000007,0.5124813914
859.0000000000,0.0016275555,0.0000000000,0.0500000007,0.5094680786
860.0000000000,0.0016320827,0.0000000000,0.0500000007,0.5064547658
861.0000000000,0.0016366100,0.0000000000,0.0500000007,0.5034414530
862.0000000000,0.0016411373,0.0000000000,0.0500000007,0.5004280806
863.0000000000,0.0016456646,0.0000000000,0.0500000007,0.4974147677
864.0000000000,0.0016501918,0.0000000000,0.0500000007,0.4944014251
865.0000000000,0.0016547191,0.0000000000,0.0500000007,0.4913881421
866.0000000000,0.0016592464,0.0000000000,0.0500000007,0.4883747995
867.0000000000,0.0016637737,0.0000000000,0.0500000007,0.4853615165
868.0000000000,0.0016683009,0.0000000000,0.0500000007,0.4823481441
869.0000000000,0.0016728282,0.0000000000,0.0500000007,0.4793348610
870.0000000000,0.0016773555,0.0000000000,0.0500000007,0.4763215184
871.0000000000,0.0016818828,0.0000000000,0.0500000007,0.4733082056
872.0000000000,0.0016864100,0.0000000000,0.0500000007,0.4702948630
873.0000000000,0.0016909373,0.0000000000,0.0500000007,0.4672815800
874.0000000000,0.0016954646,0.0000000000,0.0500000007,0.4642682076
875.0000000000,0.0016999919,0.0000000000,0.0500000007,0.4612549245
876.0000000000,0.0017045191,0.0000000000,0.0500000007,0.4582415819
877.0000000000,0.0017090464,0.0000000000,0.0500000007,0.4552282393
878.0000000000,0.0017135737,0.0000000000,0.0500000007,0.4522148371
879.0000000000,0.0017181010,0.0000000000,0.0500000007,0.4490674138
880.0000000000,0.0017226283,0.0000000000,0.0500000007,0.4457994402
881.0000000000,0.0017271555,0.0000000000,0.0500000007,0.4425318837
882.0000000000,0.0017316828,0.0000000000,0.0500000007,0.4392627776
883.0000000000,0.0017362101,0.0000000000,0.0500000007,0.4359953702
884.0000000000,0.0017407374,0.0000000000,0.0500000007,0.4327273369
885.0000000000,0.0017452646,0.0000000000,0.0500000007,0.4294593334
886.0000000000,0.0017497919,0.0000000000,0.0500000007,0.4261913300
887.0000000000,0.0017543192,0.0000000000,0.0500000007,0.4229232967
888.0000000000,0.0017588465,0.0000000000,0.0500000007,0.4196552932
889.0000000000,0.0017633737,0.0000000000,0.0500000007,0.4163872600
890.0000000000,0.0017679010,0.0000000000,0.0500000007,0.4131192267
891.0000000000,0.0017724283,0.0000000000,0.0500000007,0.4098512232
892.0000000000,0.0017769556,0.0000000000,0.0500000007,0.4065831900
893.0000000000,0.0017814828,0.0000000000,0.0500000007,0.4033151865
894.0000000000,0.0017860101,0.0000000000,0.0500000007,0.4000471532
895.0000000000,0.0017905374,0.0000000000,0.0500000007,0.3967791200
896.0000000000,0.0017950647,0.0000000000,0.0500000007,0.3935111165
897.0000000000,0.0017995919,0.0000000000,0.0500000007,0.3902431130
898.0000000000,0.0018041192,0.0000000000,0.0500000007,0.3869750798
899.0000000000,0.0018086465,0.0000000000,0.0500000007,0.3837070763
900.0000000000,0.0018131738,0.0000000000,0.0500000007,0.3804390431
901.0000000000,0.0018177010,0.0000000000,0.0500000007,0.3771710396
902.0000000000,0.0018222283,0.0000000000,0.0500000007,0.3739030361
903.0000000000,0.0018267556,0.0000000000,0.0500000007,0.3706349731
904.0000000000,0.0018312829,0.0000000000,0.0500000007,0.3673669696
905.0000000000,0.0018358101,0.0000000000,0.0500000007,0.3640989661
906.0000000000,0.0018403374,0.0000000000,0.0500000007,0.3608309627
907.0000000000,0.0018448647,0.0000000000,0.0500000007,0.3575629294
908.0000000000,0.0018493920,0.0000000000,0.0500000007,0.3542948961
909.0000000000,0.0018539192,0.0000000000,0.0500000007,0.3507623375
910.0000000000,0.0018584465,0.0000000000,0.0500000007,0.3475248218
911.0000000000,0.0018629738,0.0000000000,0.0500000007,0.3440020979
912.0000000000,0.0018675011,0.0000000000,0.0500000007,0.3404795229
913.0000000000,0.0018720283,0.0000000000,0.0500000007,0.3369566798
914.0000000000,0.0018765556,0.0000000000,0.0500000007,0.3334339559
915.0000000000,0.0018810829,0.0000000000,0.0500000007,0.3299112618
916.0000000000,0.0018856102,0.0000000000,0.0500000007,0.3263885379
917.0000000000,0.0018901374,0.0000000000,0.0500000007,0.3228658438
918.0000000000,0.0018946647,0.0000000000,0.0500000007,0.3193431497
919.0000000000,0.0018991920,0.0000000000,0.0500000007,0.3158204556
920.0000000000,0.0019037193,0.0000000000,0.0500000007,0.3122977018
921.0000000000,0.0019082465,0.0000000000,0.0500000007,0.3087750077
922.0000000000,0.0019127738,0.0000000000,0.0500000007,0.3052522838
923.0000000000,0.0019173011,0.0000000000,0.0500000007,0.3017295897
924.0000000000,0.0019218284,0.0000000000,0.0500000007,0.2982068956
925.0000000000,0.0019263556,0.0000000000,0.0500000007,0.2946841717
926.0000000000,0.0019308829,0.0000000000,0.0500000007,0.2911614776
927.0000000000,0.0019354102,0.0000000000,0.0500000007,0.2876387835
928.0000000000,0.0019399375,0.0000000000,0.0500000007,0.2841160595
929.0000000000,0.0019444647,0.0000000000,0.0500000007,0.2805933654
930.0000000000,0.0019489920,0.0000000000,0.0500000007,0.2770706415
931.0000000000,0.0019535192,0.0000000000,0.0500000007,0.2735480368
932.0000000000,0.0019580463,0.0000000000,0.0500000007,0.2700254023
933.0000000000,0.0019625735,0.0000000000,0.0500000007,0.2665027976
934.0000000000,0.0019671007,0.0000000000,0.0500000007,0.2629801631
935.0000000000,0.0019716278,0.0000000000,0.0500000007,0.2594575584
936.0000000000,0.0019761550,0.0000000000,0.0500000007,0.2559349537
937.0000000000,0.0019806821,0.0000000000,0.0500000007,0.2524123192
938.0000000000,0.0019852093,0.0000000000,0.0500000007,0.2488897145
939.0000000000,0.0019897365,0.0000000000,0.0500000007,0.2453670800
940.0000000000,0.0019942636,0.0000000000,0.0500000007,0.2417654246
941.0000000000,0.0019987908,0.0000000000,0.0500000007,0.2379883528
942.0000000000,0.0020033179,0.0000000000,0.0500000007,0.2342121303
943.0000000000,0.0020078451,0.0000000000,0.0500000007,0.2304338664
944.0000000000,0.0020123722,0.0000000000,0.0500000007,0.2266570926
945.0000000000,0.0020168994,0.0000000000,0.0500000007,0.2228800356
946.0000000000,0.0020214266,0.0000000000,0.0500000007,0.2191029638
947.0000000000,0.0020259537,0.0000000000,0.0500000007,0.2153258771
948.0000000000,0.0020304809,0.0000000000,0.0500000007,0.2115488052
949.0000000000,0.0020350080,0.0000000000,0.0500000007,0.2077717334
950.0000000000,0.0020395352,0.0000000000,0.0500000007,0.2039946467
951.0000000000,0.0020440624,0.0000000000,0.0500000007,0.2002175897
952.0000000000,0.0020485895,0.0000000000,0.0500000007,0.1964404881
953.0000000000,0.0020531167,0.0000000000,0.0500000007,0.1926634312
954.0000000000,0.0020576438,0.0000000000,0.0500000007,0.1888863444
955.0000000000,0.0020621710,0.0000000000,0.0500000007,0.1851092577
956.0000000000,0.0020666982,0.0000000000,0.0500000007,0.1813322008
957.0000000000,0.0020712253,0.0000000000,0.0500000007,0.1775551140
958.0000000000,0.0020757525,0.0000000000,0.0500000007,0.1737780422
959.0000000000,0.0020802796,0.0000000000,0.0500000007,0.1700009704
960.0000000000,0.0020848068,0.0000000000,0.0500000007,0.1662238836
961.0000000000,0.0020893340,0.0000000000,0.0500000007,0.1624467969
962.0000000000,0.0020938611,0.0000000000,0.0500000007,0.1586697251
963.0000000000,0.0020983883,0.0000000000,0.0500000007,0.1548926532
964.0000000000,0.0021029154,0.0000000000,0.0500000007,0.1511155814
965.0000000000,0.0021074426,0.0000000000,0.0500000007,0.1473385096
966.0000000000,0.0021119697,0.0000000000,0.0500000007,0.1435614228
967.0000000000,0.0021164969,0.0000000000,0.0500000007,0.1397843510
968.0000000000,0.0021210241,0.0000000000,0.0500000007,0.1360072792
969.0000000000,0.0021255512,0.0000000000,0.0500000007,0.1322301924
970.0000000000,0.0021300784,0.0000000000,0.0500000007,0.1284531206
971.0000000000,0.0021346055,0.0000000000,0.0500000007,0.1244976893
972.0000000000,0.0021391327,0.0000000000,0.0500000007,0.1204664558
973.0000000000,0.0021436599,0.0000000000,0.0500000007,0.1164356694
974.0000000000,0.0021481870,0.0000000000,0.0500000007,0.1124031618
975.0000000000,0.0021527142,0.0000000000,0.0500000007,0.1083727777
976.0000000000,0.0021572413,0.0000000000,0.0500000007,0.1043415517
977.0000000000,0.0021617685,0.0000000000,0.0500000007,0.1003103256
978.0000000000,0.0021662957,0.0000000000,0.0500000007,0.0962790996
979.0000000000,0.0021708228,0.0000000000,0.0500000007,0.0922478661
980.0000000000,0.0021753500,0.0000000000,0.0500000007,0.0882166401
981.0000000000,0.0021798771,0.0000000000,0.0500000007,0.0841854066
982.0000000000,0.0021844043,0.0000000000,0.0500000007,0.0801541805
983.0000000000,0.0021889315,0.0000000000,0.0500000007,0.0761229545
984.0000000000,0.0021934586,0.0000000000,0.0500000007,0.0720917284
985.0000000000,0.0021979858,0.0000000000,0.0500000007,0.0680605024
986.0000000000,0.0022025129,0.0000000000,0.0500000007,0.0640292764
987.0000000000,0.0022070401,0.0000000000,0.0500000007,0.0599980466
988.0000000000,0.0022115672,0.0000000000,0.0500000007,0.0559668131
989.0000000000,0.0022160944,0.0000000000,0.0500000007,0.0519355871
990.0000000000,0.0022206216,0.0000000000,0.0500000007,0.0479043610
991.0000000000,0.0022251487,0.0000000000,0.0500000007,0.0438731313
992.0000000000,0.0022296759,0.0000000000,0.0500000007,0.0398419052
993.0000000000,0.0022342030,0.0000000000,0.0500000007,0.0358106792
994.0000000000,0.0022387302,0.0000000000,0.0500000007,0.0317794532
995.0000000000,0.0022432574,0.0000000000,0.0500000007,0.0277482271
996.0000000000,0.0022477845,0.0000000000,0.0500000007,0.0237169992
997.0000000000,0.0022523117,0.0000000000,0.0500000007,0.0196857732
998.0000000000,0.0022568388,0.0000000000,0.0500000007,0.0156545378
999.0000000000,0.0022613660,0.0000000000,0.0500000007,0.0116233109
